{
  "id": "1546123",
  "name": "one",
  "font_family": "iconfont",
  "css_prefix_text": "icon-",
  "description": "",
  "glyphs": [
    {
      "icon_id": "397544",
      "name": "购物车",
      "font_class": "icon22fuzhi",
      "unicode": "e603",
      "unicode_decimal": 58883
    },
    {
      "icon_id": "444566",
      "name": "分类",
      "font_class": "fenlei",
      "unicode": "e66c",
      "unicode_decimal": 58988
    },
    {
      "icon_id": "599957",
      "name": "我的",
      "font_class": "wode",
      "unicode": "e66e",
      "unicode_decimal": 58990
    },
    {
      "icon_id": "1455710",
      "name": "home",
      "font_class": "home",
      "unicode": "e632",
      "unicode_decimal": 58930
    }
  ]
}
